{
  "benchmark": "hotpotqa",
  "policy": "ldwa:cache/ppo_checkpoints/seed_42/final.pt",
  "n_queries": 300,
  "aggregate": {
    "n_queries": 300,
    "overall": {
      "F1_strict": {
        "mean": 0.07378850148691507,
        "std": 0.12358446486053175,
        "n": 300
      },
      "F1_substring": {
        "mean": 0.2488015873015873,
        "std": 0.3552414729366918,
        "n": 300
      },
      "EM_norm": {
        "mean": 0.0033333333333333335,
        "std": 0.05763872155263527,
        "n": 300
      },
      "Faithfulness": {
        "mean": 0.5996111111111111,
        "std": 0.47300539957244825,
        "n": 300
      },
      "Latency": {
        "mean": 0.8921280392011006,
        "std": 0.5638819471895254,
        "n": 300
      }
    }
  },
  "samples": [
    {
      "qid": "5a8753d95542994846c1cd63",
      "type": "comparison",
      "gold": "yes",
      "answer": "정보를 찾을 수 없습니다.",
      "weights": [
        1,
        6,
        3
      ],
      "metrics": {
        "f1_strict": 0.0,
        "f1_substring": 0.0,
        "em_norm": 0.0,
        "em_raw": 0.0,
        "faithfulness": 0.0,
        "latency": 0.5775694847106934
      }
    },
    {
      "qid": "5ab985eb554299131ca42360",
      "type": "comparison",
      "gold": "Greyia",
      "answer": "정보를 찾을 수 없습니다.",
      "weights": [
        1,
        6,
        3
      ],
      "metrics": {
        "f1_strict": 0.0,
        "f1_substring": 0.0,
        "em_norm": 0.0,
        "em_raw": 0.0,
        "faithfulness": 0.0,
        "latency": 0.5794839859008789
      }
    },
    {
      "qid": "5a73b55855429978a71e9086",
      "type": "bridge",
      "gold": "Gatwick Airport",
      "answer": "London Gatwick Airport ranks as the 8th busiest airport in Europe and replaced Croydon Airport.",
      "weights": [
        1,
        6,
        3
      ],
      "metrics": {
        "f1_strict": 0.25,
        "f1_substring": 1.0,
        "em_norm": 0.0,
        "em_raw": 0.0,
        "faithfulness": 1.0,
        "latency": 0.6862492561340332
      }
    },
    {
      "qid": "5adef1b35542993a75d263af",
      "type": "bridge",
      "gold": "Salma Hayek Pinault",
      "answer": "Ethel Houbiers is the French voice of Salma Hayek, who is a Mexican and American film actress.",
      "weights": [
        1,
        6,
        3
      ],
      "metrics": {
        "f1_strict": 0.10526315789473684,
        "f1_substring": 0.0,
        "em_norm": 0.0,
        "em_raw": 0.0,
        "faithfulness": 1.0,
        "latency": 0.7253930568695068
      }
    },
    {
      "qid": "5ae143ed55429920d5234360",
      "type": "bridge",
      "gold": "1755",
      "answer": "Moscow State University, where Sergei Aleksandrovich Tokarev was a professor, was founded in the year 1755.",
      "weights": [
        1,
        6,
        3
      ],
      "metrics": {
        "f1_strict": 0.0,
        "f1_substring": 0.5,
        "em_norm": 0.0,
        "em_raw": 0.0,
        "faithfulness": 1.0,
        "latency": 0.7767360210418701
      }
    },
    {
      "qid": "5ae518655542993aec5ec139",
      "type": "bridge",
      "gold": "40 members",
      "answer": "정보를 찾을 수 없습니다.",
      "weights": [
        2,
        5,
        3
      ],
      "metrics": {
        "f1_strict": 0.0,
        "f1_substring": 0.0,
        "em_norm": 0.0,
        "em_raw": 0.0,
        "faithfulness": 0.0,
        "latency": 0.45595407485961914
      }
    },
    {
      "qid": "5ac3e0f7554299194317388b",
      "type": "bridge",
      "gold": "Kevin Spacey",
      "answer": "정보를 찾을 수 없습니다.",
      "weights": [
        1,
        6,
        3
      ],
      "metrics": {
        "f1_strict": 0.0,
        "f1_substring": 0.0,
        "em_norm": 0.0,
        "em_raw": 0.0,
        "faithfulness": 0.0,
        "latency": 0.5320429801940918
      }
    },
    {
      "qid": "5ab97d0a5542996be202051e",
      "type": "bridge",
      "gold": "John André",
      "answer": "John André was hanged for assisting Benedict Arnold's attempted surrender of the fort at West Point to the British Army.",
      "weights": [
        1,
        6,
        3
      ],
      "metrics": {
        "f1_strict": 0.1904761904761905,
        "f1_substring": 1.0,
        "em_norm": 0.0,
        "em_raw": 0.0,
        "faithfulness": 1.0,
        "latency": 0.9578757286071777
      }
    },
    {
      "qid": "5abc19705542993a06baf86e",
      "type": "bridge",
      "gold": "Dutch",
      "answer": "Black Book starred Carice van Houten, who is of Dutch heritage.",
      "weights": [
        1,
        6,
        3
      ],
      "metrics": {
        "f1_strict": 0.16666666666666669,
        "f1_substring": 0.6666666666666666,
        "em_norm": 0.0,
        "em_raw": 0.0,
        "faithfulness": 1.0,
        "latency": 0.8851914405822754
      }
    },
    {
      "qid": "5ae80919554299540e5a56f6",
      "type": "bridge",
      "gold": "The Changing Scottish Landscape",
      "answer": "정보를 찾을 수 없습니다.",
      "weights": [
        1,
        6,
        3
      ],
      "metrics": {
        "f1_strict": 0.0,
        "f1_substring": 0.0,
        "em_norm": 0.0,
        "em_raw": 0.0,
        "faithfulness": 0.0,
        "latency": 0.5666110515594482
      }
    },
    {
      "qid": "5ae361605542994393b9e69b",
      "type": "bridge",
      "gold": "\"Home of the Submarine Force\"",
      "answer": "The facility where Robert Croft worked as a navy instructor was also known as the US Naval Submarine Base New London submarine school in Groton, Connecticut.",
      "weights": [
        1,
        6,
        3
      ],
      "metrics": {
        "f1_strict": 0.14285714285714285,
        "f1_substring": 0.0,
        "em_norm": 0.0,
        "em_raw": 0.0,
        "faithfulness": 1.0,
        "latency": 1.16032075881958
      }
    },
    {
      "qid": "5ac3a76e554299741d48a2be",
      "type": "bridge",
      "gold": "U2",
      "answer": "U2 released the song \"With or Without You\" first.",
      "weights": [
        1,
        6,
        3
      ],
      "metrics": {
        "f1_strict": 0.19999999999999998,
        "f1_substring": 1.0,
        "em_norm": 0.0,
        "em_raw": 0.0,
        "faithfulness": 1.0,
        "latency": 0.6363415718078613
      }
    },
    {
      "qid": "5ac3d9135542995c82c4ac4c",
      "type": "bridge",
      "gold": "729 at the 2010 census",
      "answer": "정보를 찾을 수 없습니다.",
      "weights": [
        1,
        6,
        3
      ],
      "metrics": {
        "f1_strict": 0.0,
        "f1_substring": 0.0,
        "em_norm": 0.0,
        "em_raw": 0.0,
        "faithfulness": 0.0,
        "latency": 0.48119068145751953
      }
    },
    {
      "qid": "5a7557d75542992d0ec05f68",
      "type": "bridge",
      "gold": "Laurie Metcalf",
      "answer": "Laurie Metcalf, who is a star of \"Roseanne,\" appears in Scream 2.",
      "weights": [
        2,
        5,
        3
      ],
      "metrics": {
        "f1_strict": 0.14285714285714285,
        "f1_substring": 0.5,
        "em_norm": 0.0,
        "em_raw": 0.0,
        "faithfulness": 1.0,
        "latency": 0.860297679901123
      }
    },
    {
      "qid": "5ae382ee5542992e3233c430",
      "type": "bridge",
      "gold": "Modern thinkers associated with classical realism are Carl von Clausewitz",
      "answer": "The Prussian General Carl von Clausewitz is associated with Classical Realism in international relations.",
      "weights": [
        2,
        5,
        3
      ],
      "metrics": {
        "f1_strict": 0.5833333333333334,
        "f1_substring": 0.0,
        "em_norm": 0.0,
        "em_raw": 0.0,
        "faithfulness": 1.0,
        "latency": 0.6963992118835449
      }
    },
    {
      "qid": "5ae129115542990adbacf722",
      "type": "bridge",
      "gold": "Francis McPeake",
      "answer": "\"A Pair of Brown Eyes\" is based on the song \"Wild Mountain Thyme,\" which was collected and written by Francis McPeake.",