{
  "benchmark": "hotpotqa",
  "policy": "rdwa",
  "n_queries": 300,
  "aggregate": {
    "n_queries": 300,
    "overall": {
      "F1_strict": {
        "mean": 0.13234347759865547,
        "std": 0.13940816921603624,
        "n": 300
      },
      "F1_substring": {
        "mean": 0.3403809523809524,
        "std": 0.3667740906335815,
        "n": 300
      },
      "EM_norm": {
        "mean": 0.0,
        "std": 0.0,
        "n": 300
      },
      "Faithfulness": {
        "mean": 0.6983333333333334,
        "std": 0.4401357113941613,
        "n": 300
      },
      "Latency": {
        "mean": 1.0587494572003682,
        "std": 0.46322096806357504,
        "n": 300
      }
    }
  },
  "samples": [
    {
      "qid": "5ac3e0f7554299194317388b",
      "type": "bridge",
      "gold": "Kevin Spacey",
      "answer": "American Beauty features Kevin Spacey as Lester Burnham, who is the common actor in the film.",
      "weights": [
        2,
        2,
        6
      ],
      "metrics": {
        "f1_strict": 0.23529411764705882,
        "f1_substring": 0.6666666666666666,
        "em_norm": 0.0,
        "em_raw": 0.0,
        "faithfulness": 1.0,
        "latency": 1.1172616481781006
      }
    },
    {
      "qid": "5adef1b35542993a75d263af",
      "type": "bridge",
      "gold": "Salma Hayek Pinault",
      "answer": "Ethel Houbiers is the French voice of Mexican actress Salma Hayek and American actress Penélope Cruz.",
      "weights": [
        2,
        2,
        6
      ],
      "metrics": {
        "f1_strict": 0.2222222222222222,
        "f1_substring": 0.0,
        "em_norm": 0.0,
        "em_raw": 0.0,
        "faithfulness": 1.0,
        "latency": 1.1583805084228516
      }
    },
    {
      "qid": "5a8753d95542994846c1cd63",
      "type": "comparison",
      "gold": "yes",
      "answer": "정보를 찾을 수 없습니다.",
      "weights": [
        2,
        2,
        6
      ],
      "metrics": {
        "f1_strict": 0.0,
        "f1_substring": 0.0,
        "em_norm": 0.0,
        "em_raw": 0.0,
        "faithfulness": 0.0,
        "latency": 1.380826473236084
      }
    },
    {
      "qid": "5ae143ed55429920d5234360",
      "type": "bridge",
      "gold": "1755",
      "answer": "Moscow State University, where Sergei Aleksandrovich Tokarev was a professor, was founded in the year 1755.",
      "weights": [
        1,
        2,
        7
      ],
      "metrics": {
        "f1_strict": 0.125,
        "f1_substring": 0.5,
        "em_norm": 0.0,
        "em_raw": 0.0,
        "faithfulness": 1.0,
        "latency": 1.4543037414550781
      }
    },
    {
      "qid": "5ab985eb554299131ca42360",
      "type": "comparison",
      "gold": "Greyia",
      "answer": "Greyia contains more species than Calibanus. Greyia has three species, while Calibanus has two species.",
      "weights": [
        2,
        2,
        6
      ],
      "metrics": {
        "f1_strict": 0.18181818181818182,
        "f1_substring": 0.6666666666666666,
        "em_norm": 0.0,
        "em_raw": 0.0,
        "faithfulness": 1.0,
        "latency": 1.774566650390625
      }
    },
    {
      "qid": "5ae518655542993aec5ec139",
      "type": "bridge",
      "gold": "40 members",
      "answer": "Ken Pruitt was a Republican member of the Florida Senate, which is the upper house of the Florida Legislature. The context does not specify the total number of members in the Florida Senate. Therefore, the answer is: 정보를 찾을 수 없습니다.",
      "weights": [
        6,
        2,
        2
      ],
      "metrics": {
        "f1_strict": 0.06451612903225806,
        "f1_substring": 0.0,
        "em_norm": 0.0,
        "em_raw": 0.0,
        "faithfulness": 1.0,
        "latency": 1.488722801208496
      }
    },
    {
      "qid": "5ab97d0a5542996be202051e",
      "type": "bridge",
      "gold": "John André",
      "answer": "John André was hanged for assisting Benedict Arnold's attempted surrender of the fort at West Point to the British Army.",
      "weights": [
        2,
        2,
        6
      ],
      "metrics": {
        "f1_strict": 0.18181818181818182,
        "f1_substring": 1.0,
        "em_norm": 0.0,
        "em_raw": 0.0,
        "faithfulness": 1.0,
        "latency": 1.8903601169586182
      }
    },
    {
      "qid": "5a73b55855429978a71e9086",
      "type": "bridge",
      "gold": "Gatwick Airport",
      "answer": "Gatwick Airport ranks as the 8th busiest airport in Europe and replaced Croydon Airport.",
      "weights": [
        2,
        2,
        6
      ],
      "metrics": {
        "f1_strict": 0.2857142857142857,
        "f1_substring": 1.0,
        "em_norm": 0.0,
        "em_raw": 0.0,
        "faithfulness": 1.0,
        "latency": 1.9814119338989258
      }
    },
    {
      "qid": "5ae80919554299540e5a56f6",
      "type": "bridge",
      "gold": "The Changing Scottish Landscape",
      "answer": "Isabella Kelly was born at Cairnburgh Castle, which is characterized as one of the most isolated fortifications in Britain by the 1991 publication \"The Changing Scottish Landscape.\"",
      "weights": [
        2,
        2,
        6
      ],
      "metrics": {
        "f1_strict": 0.2758620689655173,
        "f1_substring": 0.6666666666666666,
        "em_norm": 0.0,
        "em_raw": 0.0,
        "faithfulness": 0.5,
        "latency": 1.9388015270233154
      }
    },
    {
      "qid": "5abc19705542993a06baf86e",
      "type": "bridge",
      "gold": "Dutch",
      "answer": "Black Book starred actress Carice van Houten, who is of Dutch heritage. The novelization of the film was written by Laurens Abbink Spaink, who is also of Dutch heritage.",
      "weights": [
        2,
        2,
        6
      ],
      "metrics": {
        "f1_strict": 0.08695652173913045,
        "f1_substring": 0.5,
        "em_norm": 0.0,
        "em_raw": 0.0,
        "faithfulness": 1.0,
        "latency": 2.439567804336548
      }
    },
    {
      "qid": "5a7557d75542992d0ec05f68",
      "type": "bridge",
      "gold": "Laurie Metcalf",
      "answer": "Laurie Metcalf, a star from \"Roseanne,\" is in \"Scream 2.\"",
      "weights": [
        6,
        2,
        2
      ],
      "metrics": {
        "f1_strict": 0.33333333333333337,
        "f1_substring": 0.5,
        "em_norm": 0.0,
        "em_raw": 0.0,
        "faithfulness": 0.5,
        "latency": 0.9272177219390869
      }
    },
    {
      "qid": "5ae361605542994393b9e69b",
      "type": "bridge",
      "gold": "\"Home of the Submarine Force\"",
      "answer": "The facility where Robert Croft worked as a navy instructor was also known as the US Naval Submarine Base New London submarine school in Groton, Connecticut.",
      "weights": [
        2,
        2,
        6
      ],
      "metrics": {
        "f1_strict": 0.14285714285714285,
        "f1_substring": 0.0,
        "em_norm": 0.0,
        "em_raw": 0.0,
        "faithfulness": 1.0,
        "latency": 1.4139702320098877
      }
    },
    {
      "qid": "5a8d12ca5542994ba4e3dbe2",
      "type": "bridge",
      "gold": "Nairobi, Kenya",
      "answer": "Fastjet Tanzania was originally founded as \"Fly540 Tanzania\" and is based in Dar es Salaam.",
      "weights": [
        1,
        2,
        7
      ],
      "metrics": {
        "f1_strict": 0.0,
        "f1_substring": 0.0,
        "em_norm": 0.0,
        "em_raw": 0.0,
        "faithfulness": 1.0,
        "latency": 1.1879432201385498
      }
    },
    {
      "qid": "5ac3a76e554299741d48a2be",
      "type": "bridge",
      "gold": "U2",
      "answer": "U2 released the song \"With or Without You\" first. It was released as the lead single from their album \"The Joshua Tree\" on 16 March 1987, while Jai McDowall's promotional single of the same name was released later as part of his debut album in 2011.",
      "weights": [
        2,
        2,
        6
      ],
      "metrics": {
        "f1_strict": 0.052631578947368425,
        "f1_substring": 0.6666666666666666,