{
  "policy": "vector-only",
  "n_queries": 5000,
  "n_misses": 0,
  "overall": {
    "F1": {
      "mean": 0.08200959878284371,
      "std": 0.17227569047576455,
      "n": 5000
    },
    "EM": {
      "mean": 0.0,
      "std": 0.0,
      "n": 5000
    },
    "Faithfulness": {
      "mean": 0.7421996103896105,
      "std": 0.42808794581084453,
      "n": 5000
    },
    "Latency": {
      "mean": 1.1673417704582214,
      "std": 1.0914117552962226,
      "n": 5000
    },
    "TotalReward": {
      "mean": 0.18739364193385963,
      "std": 0.149264253833187,
      "n": 5000
    }
  },
  "by_type": {
    "simple": {
      "F1": {
        "mean": 0.16808360356941507,
        "std": 0.23832244854514495,
        "n": 2000
      },
      "EM": {
        "mean": 0.0,
        "std": 0.0,
        "n": 2000
      },
      "Faithfulness": {
        "mean": 0.9069588744588746,
        "std": 0.2890004818889996,
        "n": 2000
      },
      "TotalReward": {
        "mean": 0.2650141222330277,
        "std": 0.14353484084435206,
        "n": 2000
      }
    },
    "conditional": {
      "F1": {
        "mean": 0.037206358280122934,
        "std": 0.07269279331490924,
        "n": 1250
      },
      "EM": {
        "mean": 0.0,
        "std": 0.0,
        "n": 1250
      },
      "Faithfulness": {
        "mean": 0.77684,
        "std": 0.4038336469389345,
        "n": 1250
      },
      "TotalReward": {
        "mean": 0.16985202447697553,
        "std": 0.12826725270402164,
        "n": 1250
      }
    },
    "multi_hop": {
      "F1": {
        "mean": 0.015641622242991288,
        "std": 0.04248841752475971,
        "n": 1750
      },
      "EM": {
        "mean": 0.0,
        "std": 0.0,
        "n": 1750
      },
      "Faithfulness": {
        "mean": 0.5291601731601732,
        "std": 0.4841402055299639,
        "n": 1750
      },
      "TotalReward": {
        "mean": 0.11121424834687046,
        "std": 0.12430075917231141,
        "n": 1750
      }
    }
  },
  "top_chosen_weights": [
    {
      "weight": "(α=1.0, β=0.0, γ=0.0)",
      "count": 5000
    }
  ],
  "mean_chosen_weight": {
    "alpha": 1.0,
    "beta": 0.0,
    "gamma": 0.0
  }
}