{
  "policy": "graph-only",
  "n_queries": 5000,
  "n_misses": 0,
  "overall": {
    "F1": {
      "mean": 0.04338165972500648,
      "std": 0.1440537486498589,
      "n": 5000
    },
    "EM": {
      "mean": 0.0,
      "std": 0.0,
      "n": 5000
    },
    "Faithfulness": {
      "mean": 0.6609038095238094,
      "std": 0.46701451603246125,
      "n": 5000
    },
    "Latency": {
      "mean": 1.643890920829773,
      "std": 52.01738265544427,
      "n": 5000
    },
    "TotalReward": {
      "mean": 0.07947083552260571,
      "std": 5.199403896461203,
      "n": 5000
    }
  },
  "by_type": {
    "simple": {
      "F1": {
        "mean": 0.10305192591912507,
        "std": 0.21256701593772792,
        "n": 2000
      },
      "EM": {
        "mean": 0.0,
        "std": 0.0,
        "n": 2000
      },
      "Faithfulness": {
        "mean": 0.8830928571428571,
        "std": 0.3193330084553046,
        "n": 2000
      },
      "TotalReward": {
        "mean": 0.22762942120129775,
        "std": 0.13271387872670407,
        "n": 2000
      }
    },
    "conditional": {
      "F1": {
        "mean": 0.0008070596070596072,
        "std": 0.011669239985660168,
        "n": 1250
      },
      "EM": {
        "mean": 0.0,
        "std": 0.0,
        "n": 1250
      },
      "Faithfulness": {
        "mean": 0.7133333333333333,
        "std": 0.4475612931332547,
        "n": 1250
      },
      "TotalReward": {
        "mean": 0.14182659306901238,
        "std": 0.09276634103813947,
        "n": 1250
      }
    },
    "multi_hop": {
      "F1": {
        "mean": 0.005597498444547286,
        "std": 0.027594243581515854,
        "n": 1750
      },
      "EM": {
        "mean": 0.0,
        "std": 0.0,
        "n": 1750
      },
      "Faithfulness": {
        "mean": 0.3695238095238095,
        "std": 0.4693008260232689,
        "n": 1750
      },
      "TotalReward": {
        "mean": -0.13439308921476134,
        "std": 8.782912569537757,
        "n": 1750
      }
    }
  },
  "top_chosen_weights": [
    {
      "weight": "(α=0.0, β=1.0, γ=0.0)",
      "count": 5000
    }
  ],
  "mean_chosen_weight": {
    "alpha": 0.0,
    "beta": 1.0,
    "gamma": 0.0
  }
}