{
  "policy": "ontology-only",
  "n_queries": 5000,
  "n_misses": 0,
  "overall": {
    "F1": {
      "mean": 0.04455674441001163,
      "std": 0.14583241090763552,
      "n": 5000
    },
    "EM": {
      "mean": 0.0,
      "std": 0.0,
      "n": 5000
    },
    "Faithfulness": {
      "mean": 0.7109914285714285,
      "std": 0.44590563436276803,
      "n": 5000
    },
    "Latency": {
      "mean": 0.9562263717651367,
      "std": 0.5719730438471391,
      "n": 5000
    },
    "TotalReward": {
      "mean": 0.1639195246022978,
      "std": 0.12627449575820496,
      "n": 5000
    }
  },
  "by_type": {
    "simple": {
      "F1": {
        "mean": 0.10286822786682961,
        "std": 0.2156484854333348,
        "n": 2000
      },
      "EM": {
        "mean": 0.0,
        "std": 0.0,
        "n": 2000
      },
      "Faithfulness": {
        "mean": 0.752847619047619,
        "std": 0.42718453892291625,
        "n": 2000
      },
      "TotalReward": {
        "mean": 0.20191349263185468,
        "std": 0.15437170811460751,
        "n": 2000
      }
    },
    "conditional": {
      "F1": {
        "mean": 0.002343424498207107,
        "std": 0.019689956059467103,
        "n": 1250
      },
      "EM": {
        "mean": 0.0,
        "std": 0.0,
        "n": 1250
      },
      "Faithfulness": {
        "mean": 0.8512799999999999,
        "std": 0.34388196527943193,
        "n": 1250
      },
      "TotalReward": {
        "mean": 0.170425011462513,
        "std": 0.07253032044171666,
        "n": 1250
      }
    },
    "multi_hop": {
      "F1": {
        "mean": 0.008067420396365712,
        "std": 0.029123543090111132,
        "n": 1750
      },
      "EM": {
        "mean": 0.0,
        "std": 0.0,
        "n": 1750
      },
      "Faithfulness": {
        "mean": 0.5629496598639456,
        "std": 0.4869196360441678,
        "n": 1750
      },
      "TotalReward": {
        "mean": 0.11585107052550776,
        "std": 0.10283326375552808,
        "n": 1750
      }
    }
  },
  "top_chosen_weights": [
    {
      "weight": "(α=0.0, β=0.0, γ=1.0)",
      "count": 5000
    }
  ],
  "mean_chosen_weight": {
    "alpha": 0.0,
    "beta": 0.0,
    "gamma": 1.0
  }
}