{
  "policy": "uniform",
  "n_queries": 5000,
  "n_misses": 0,
  "overall": {
    "F1": {
      "mean": 0.08273298619629196,
      "std": 0.16831982890586572,
      "n": 5000
    },
    "EM": {
      "mean": 0.0,
      "std": 0.0,
      "n": 5000
    },
    "Faithfulness": {
      "mean": 0.8436257936507936,
      "std": 0.3451376992845995,
      "n": 5000
    },
    "Latency": {
      "mean": 1.2643016724586487,
      "std": 0.9840037738004775,
      "n": 5000
    },
    "TotalReward": {
      "mean": 0.20848893184901854,
      "std": 0.12217195861630296,
      "n": 5000
    }
  },
  "by_type": {
    "simple": {
      "F1": {
        "mean": 0.16564667619746715,
        "std": 0.23182242888515162,
        "n": 2000
      },
      "EM": {
        "mean": 0.0,
        "std": 0.0,
        "n": 2000
      },
      "Faithfulness": {
        "mean": 0.9365386904761904,
        "std": 0.236133129390105,
        "n": 2000
      },
      "TotalReward": {
        "mean": 0.2690404526721669,
        "std": 0.1334960360925814,
        "n": 2000
      }
    },
    "conditional": {
      "F1": {
        "mean": 0.03759498975986502,
        "std": 0.07366606657468451,
        "n": 1250
      },
      "EM": {
        "mean": 0.0,
        "std": 0.0,
        "n": 1250
      },
      "Faithfulness": {
        "mean": 0.8096869841269841,
        "std": 0.38284634494815445,
        "n": 1250
      },
      "TotalReward": {
        "mean": 0.17680246578675024,
        "std": 0.1025989079466662,
        "n": 1250
      }
    },
    "multi_hop": {
      "F1": {
        "mean": 0.020215909363825287,
        "std": 0.049311565092758344,
        "n": 1750
      },
      "EM": {
        "mean": 0.0,
        "std": 0.0,
        "n": 1750
      },
      "Faithfulness": {
        "mean": 0.7616816326530612,
        "std": 0.393091699225747,
        "n": 1750
      },
      "TotalReward": {
        "mean": 0.16192038380989776,
        "std": 0.08765604448991618,
        "n": 1750
      }
    }
  },
  "top_chosen_weights": [
    {
      "weight": "(α=0.4, β=0.3, γ=0.3)",
      "count": 5000
    }
  ],
  "mean_chosen_weight": {
    "alpha": 0.39999999999999997,
    "beta": 0.3,
    "gamma": 0.3
  }
}