{
  "policy": "rdwa",
  "n_queries": 5000,
  "aggregate": {
    "overall": {
      "F1_strict": {
        "mean": 0.0717995807714041,
        "std": 0.1613808273227304,
        "n": 5000
      },
      "F1_substring": {
        "mean": 0.44836559239779833,
        "std": 0.4466900825753401,
        "n": 5000
      },
      "EM_norm": {
        "mean": 0.0,
        "std": 0.0,
        "n": 5000
      },
      "Faithfulness": {
        "mean": 0.8272871428571427,
        "std": 0.362197664843682,
        "n": 5000
      },
      "Latency": {
        "mean": 1.192810971879959,
        "std": 0.8254322887684149,
        "n": 5000
      }
    },
    "by_type": {
      "simple": {
        "F1_strict": {
          "mean": 0.152967854178683,
          "std": 0.22492774047764919,
          "n": 2000
        },
        "F1_substring": {
          "mean": 0.8368895382395383,
          "std": 0.31968721060130145,
          "n": 2000
        },
        "EM_norm": {
          "mean": 0.0,
          "std": 0.0,
          "n": 2000
        },
        "Faithfulness": {
          "mean": 0.9278440476190476,
          "std": 0.25326397826311103,
          "n": 2000
        }
      },
      "conditional": {
        "F1_strict": {
          "mean": 0.019049953542615065,
          "std": 0.05206678860279037,
          "n": 1250
        },
        "F1_substring": {
          "mean": 0.08973826702709055,
          "std": 0.1650430947443106,
          "n": 1250
        },
        "EM_norm": {
          "mean": 0.0,
          "std": 0.0,
          "n": 1250
        },
        "Faithfulness": {
          "mean": 0.8058552380952381,
          "std": 0.38331740331210507,
          "n": 1250
        }
      },
      "multi_hop": {
        "F1_strict": {
          "mean": 0.016714144897934595,
          "std": 0.04585848921951176,
          "n": 1750
        },
        "F1_substring": {
          "mean": 0.2605006009863153,
          "std": 0.36627814399804776,
          "n": 1750
        },
        "EM_norm": {
          "mean": 0.0,
          "std": 0.0,
          "n": 1750
        },
        "Faithfulness": {
          "mean": 0.7276734693877551,
          "std": 0.41803798860253155,
          "n": 1750
        }
      }
    },
    "top_weights": [
      {
        "weight": "(α=0.2, β=0.6, γ=0.2)",
        "count": 2898
      },
      {
        "weight": "(α=0.2, β=0.2, γ=0.6)",
        "count": 945
      },
      {
        "weight": "(α=0.6, β=0.2, γ=0.2)",
        "count": 482
      },
      {
        "weight": "(α=0.5, β=0.3, γ=0.2)",
        "count": 354
      },
      {
        "weight": "(α=0.1, β=0.3, γ=0.6)",
        "count": 313
      }
    ]
  },
  "samples": [
    {
      "qid": "7",
      "type": "simple",
      "gold": "언어학, 회계정보",
      "answer": "정보를 찾을 수 없습니다.",
      "weights": [
        6,
        2,
        2
      ],
      "metrics": {
        "f1_strict": 0.0,
        "f1_substring": 0.0,
        "em_norm": 0.0,
        "em_raw": 0.0,
        "faithfulness": 0.0,
        "latency": 0.7504706382751465
      }
    },
    {
      "qid": "6",
      "type": "simple",
      "gold": "12명",
      "answer": "의학과에 소속된 교수는 12명입니다.",
      "weights": [
        2,
        6,
        2
      ],
      "metrics": {
        "f1_strict": 0.0,
        "f1_substring": 1.0,
        "em_norm": 0.0,
        "em_raw": 0.0,
        "faithfulness": 1.0,
        "latency": 0.8758611679077148
      }
    },
    {
      "qid": "4",
      "type": "conditional",
      "gold": "유서준, 전서준, 김도윤, 이도윤, 박도윤, 정도윤, 최도윤, 조도윤, 한도윤",
      "answer": "서서준 교수는 기계공학과 소속이며, 55세 이하입니다.",
      "weights": [
        2,
        2,
        6
      ],
      "metrics": {
        "f1_strict": 0.0,
        "f1_substring": 0.0,
        "em_norm": 0.0,
        "em_raw": 0.0,
        "faithfulness": 1.0,
        "latency": 1.031794786453247
      }
    },
    {
      "qid": "9",
      "type": "simple",
      "gold": "천문학과",
      "answer": "오지우 교수의 소속 학과는 천문학과입니다.",
      "weights": [
        5,
        3,
        2
      ],
      "metrics": {
        "f1_strict": 0.0,
        "f1_substring": 1.0,
        "em_norm": 0.0,
        "em_raw": 0.0,
        "faithfulness": 1.0,
        "latency": 1.1868834495544434
      }
    },
    {
      "qid": "3",
      "type": "conditional",
      "gold": "총 367명 (김민준, 이민준, 박민준, 정민준, 최민준...)",
      "answer": "정보를 찾을 수 없습니다.",
      "weights": [
        2,
        2,
        6
      ],
      "metrics": {
        "f1_strict": 0.0,
        "f1_substring": 0.0,
        "em_norm": 0.0,
        "em_raw": 0.0,
        "faithfulness": 0.0,
        "latency": 1.5815010070800781
      }
    },
    {
      "qid": "2",
      "type": "simple",
      "gold": "바이오의공학과",
      "answer": "최재원 교수의 소속 학과는 바이오의공학과입니다.",
      "weights": [
        5,
        3,
        2
      ],
      "metrics": {
        "f1_strict": 0.0,
        "f1_substring": 1.0,
        "em_norm": 0.0,
        "em_raw": 0.0,
        "faithfulness": 1.0,
        "latency": 1.6547281742095947
      }
    },
    {
      "qid": "1",
      "type": "simple",
      "gold": "홍성민, 황성민, 전성민",
      "answer": "정치외교 심리학개론 과목을 담당하는 교수는 홍성민, 황성민, 전성민입니다.",
      "weights": [
        2,
        6,
        2
      ],
      "metrics": {
        "f1_strict": 0.36363636363636365,
        "f1_substring": 1.0,
        "em_norm": 0.0,
        "em_raw": 0.0,
        "faithfulness": 1.0,
        "latency": 1.673351764678955
      }
    },
    {
      "qid": "10",
      "type": "multi_hop",
      "gold": "데이터사이언스학과, 무역학과",
      "answer": "융합서비스혁신 프로젝트에 참여하는 교수는 서지호와 권하윤입니다. 서지호는 데이터사이언스학과에 소속되어 있습니다. 권하윤의 소속 학과에 대한 정보는 제공되지 않았습니다. 따라서, 융합서비스혁신 프로젝트 참여 교수들의 소속 학과는 서지호의 경우 데이터사이언스학과이며, 권하윤의 소속 학과에 대한 정보는 찾을 수 없습니다.",
      "weights": [
        2,
        6,
        2
      ],
      "metrics": {
        "f1_strict": 0.0,
        "f1_substring": 0.4,
        "em_norm": 0.0,
        "em_raw": 0.0,
        "faithfulness": 1.0,
        "latency": 1.7275254726409912
      }
    },
    {
      "qid": "13",
      "type": "simple",
      "gold": "유하은, 전하은, 김하윤, 이하윤, 박하윤, 정하윤, 최하윤, 조하윤, 한하윤, 강하윤, 윤하윤",
      "answer": "경제학과 소속 교수 목록은 전하은, 김하윤, 박하윤, 조하윤, 강하윤입니다.",
      "weights": [
        2,
        6,
        2
      ],
      "metrics": {
        "f1_strict": 0.39999999999999997,
        "f1_substring": 0.45454545454545453,
        "em_norm": 0.0,
        "em_raw": 0.0,
        "faithfulness": 1.0,
        "latency": 0.9175374507904053
      }
    },
    {
      "qid": "5",
      "type": "conditional",
      "gold": "회계정보, 로봇공학, 분산시스템, 디지털미디어, 암호학, 컴퓨터비전, 머신러닝, 회계정보, 언어학, 바이오공학, 자연어처리, 컴퓨터비전, 암호학, 경영과학",
      "answer": "화학과 소속 40세 이상 교수는 전서연 교수입니다. 전서연 교수의 연구 분야는 머신러닝과 회계정보입니다.",
      "weights": [
        2,
        2,
        6
      ],
      "metrics": {
        "f1_strict": 0.0,
        "f1_substring": 0.21428571428571427,
        "em_norm": 0.0,
        "em_raw": 0.0,
        "faithfulness": 1.0,
        "latency": 2.116975784301758
      }
    },
    {
      "qid": "16",
      "type": "conditional",
      "gold": "총 109명 (김민준, 박민준, 정민준, 강민준, 황민준...)",
      "answer": "정보를 찾을 수 없습니다.",
      "weights": [
        2,
        2,
        6
      ],
      "metrics": {
        "f1_strict": 0.0,
        "f1_substring": 0.0,
        "em_norm": 0.0,
        "em_raw": 0.0,
        "faithfulness": 1.0,
        "latency": 0.4863319396972656
      }
    },
    {
      "qid": "12",
      "type": "simple",
      "gold": "안정훈, 서정훈, 유정훈, 전정훈, 김재원, 이재원, 박재원, 정재원",
      "answer": "보건학과 소속 교수 목록은 서정훈, 전정훈, 김재원, 박재원, 정재원, 안정훈입니다.",
      "weights": [
        2,
        6,
        2
      ],
      "metrics": {
        "f1_strict": 0.4444444444444445,
        "f1_substring": 0.75,
        "em_norm": 0.0,
        "em_raw": 0.0,
        "faithfulness": 1.0,
        "latency": 1.3793058395385742
      }
    },
    {
      "qid": "18",
      "type": "simple",
      "gold": "없음",
      "answer": "정보를 찾을 수 없습니다.",
      "weights": [
        2,
        6,
        2
      ],