{
  "policy": "rdwa",
  "n_queries": 5000,
  "aggregate": {
    "overall": {
      "F1_strict": {
        "mean": 0.13694783814111677,
        "std": 0.18502699124105196,
        "n": 5000
      },
      "F1_substring": {
        "mean": 0.4503800828419946,
        "std": 0.44480742828927994,
        "n": 5000
      },
      "EM_norm": {
        "mean": 0.0,
        "std": 0.0,
        "n": 5000
      },
      "Faithfulness": {
        "mean": 0.835237380952381,
        "std": 0.35427851959148504,
        "n": 5000
      },
      "Latency": {
        "mean": 1.0995856790065766,
        "std": 0.7410788678134586,
        "n": 5000
      }
    },
    "by_type": {
      "conditional": {
        "F1_strict": {
          "mean": 0.0548682029224397,
          "std": 0.09169290684200482,
          "n": 1250
        },
        "F1_substring": {
          "mean": 0.09703209959974665,
          "std": 0.16915235633240647,
          "n": 1250
        },
        "EM_norm": {
          "mean": 0.0,
          "std": 0.0,
          "n": 1250
        },
        "Faithfulness": {
          "mean": 0.827084761904762,
          "std": 0.3685595599528698,
          "n": 1250
        }
      },
      "simple": {
        "F1_strict": {
          "mean": 0.2131065141686376,
          "std": 0.22707975360629176,
          "n": 2000
        },
        "F1_substring": {
          "mean": 0.8378152236652237,
          "std": 0.31762922434840607,
          "n": 2000
        },
        "EM_norm": {
          "mean": 0.0,
          "std": 0.0,
          "n": 2000
        },
        "Faithfulness": {
          "mean": 0.9304488095238096,
          "std": 0.24743448671113388,
          "n": 2000
        }
      },
      "multi_hop": {
        "F1_strict": {
          "mean": 0.10853766212300515,
          "std": 0.14362830857736075,
          "n": 1750
        },
        "F1_substring": {
          "mean": 0.25998848135990993,
          "std": 0.3641112756154434,
          "n": 1750
        },
        "EM_norm": {
          "mean": 0.0,
          "std": 0.0,
          "n": 1750
        },
        "Faithfulness": {
          "mean": 0.732247619047619,
          "std": 0.4130361015994725,
          "n": 1750
        }
      }
    },
    "top_weights": [
      {
        "weight": "(α=0.2, β=0.6, γ=0.2)",
        "count": 2898
      },
      {
        "weight": "(α=0.2, β=0.2, γ=0.6)",
        "count": 945
      },
      {
        "weight": "(α=0.6, β=0.2, γ=0.2)",
        "count": 482
      },
      {
        "weight": "(α=0.5, β=0.3, γ=0.2)",
        "count": 354
      },
      {
        "weight": "(α=0.1, β=0.3, γ=0.6)",
        "count": 313
      }
    ]
  },
  "samples": [
    {
      "qid": "4",
      "type": "conditional",
      "gold": "유서준, 전서준, 김도윤, 이도윤, 박도윤, 정도윤, 최도윤, 조도윤, 한도윤",
      "answer": "서서준 교수는 기계공학과 소속이며 55세 이하입니다.",
      "weights": [
        2,
        2,
        6
      ],
      "metrics": {
        "f1_strict": 0.0,
        "f1_substring": 0.0,
        "em_norm": 0.0,
        "em_raw": 0.0,
        "faithfulness": 1.0,
        "latency": 1.2605211734771729
      }
    },
    {
      "qid": "3",
      "type": "conditional",
      "gold": "총 367명 (김민준, 이민준, 박민준, 정민준, 최민준...)",
      "answer": "정보를 찾을 수 없습니다.",
      "weights": [
        2,
        2,
        6
      ],
      "metrics": {
        "f1_strict": 0.0,
        "f1_substring": 0.0,
        "em_norm": 0.0,
        "em_raw": 0.0,
        "faithfulness": 0.0,
        "latency": 1.3821675777435303
      }
    },
    {
      "qid": "7",
      "type": "simple",
      "gold": "언어학, 회계정보",
      "answer": "정보를 찾을 수 없습니다.",
      "weights": [
        6,
        2,
        2
      ],
      "metrics": {
        "f1_strict": 0.0,
        "f1_substring": 0.0,
        "em_norm": 0.0,
        "em_raw": 0.0,
        "faithfulness": 0.0,
        "latency": 1.4587020874023438
      }
    },
    {
      "qid": "9",
      "type": "simple",
      "gold": "천문학과",
      "answer": "오지우 교수의 소속 학과는 천문학과입니다.",
      "weights": [
        5,
        3,
        2
      ],
      "metrics": {
        "f1_strict": 0.0,
        "f1_substring": 1.0,
        "em_norm": 0.0,
        "em_raw": 0.0,
        "faithfulness": 1.0,
        "latency": 1.4706599712371826
      }
    },
    {
      "qid": "5",
      "type": "conditional",
      "gold": "회계정보, 로봇공학, 분산시스템, 디지털미디어, 암호학, 컴퓨터비전, 머신러닝, 회계정보, 언어학, 바이오공학, 자연어처리, 컴퓨터비전, 암호학, 경영과학",
      "answer": "화학과 소속 40세 이상 교수는 전서연 교수입니다. 전서연 교수의 연구 분야는 머신러닝과 회계정보입니다.",
      "weights": [
        2,
        2,
        6
      ],
      "metrics": {
        "f1_strict": 0.09090909090909091,
        "f1_substring": 0.21428571428571427,
        "em_norm": 0.0,
        "em_raw": 0.0,
        "faithfulness": 1.0,
        "latency": 1.5626661777496338
      }
    },
    {
      "qid": "2",
      "type": "simple",
      "gold": "바이오의공학과",
      "answer": "최재원 교수의 소속 학과는 바이오의공학과입니다.",
      "weights": [
        5,
        3,
        2
      ],
      "metrics": {
        "f1_strict": 0.0,
        "f1_substring": 1.0,
        "em_norm": 0.0,
        "em_raw": 0.0,
        "faithfulness": 1.0,
        "latency": 1.8356151580810547
      }
    },
    {
      "qid": "1",
      "type": "simple",
      "gold": "홍성민, 황성민, 전성민",
      "answer": "정치외교 심리학개론 과목을 담당하는 교수는 홍성민, 황성민, 전성민입니다.",
      "weights": [
        2,
        6,
        2
      ],
      "metrics": {
        "f1_strict": 0.36363636363636365,
        "f1_substring": 1.0,
        "em_norm": 0.0,
        "em_raw": 0.0,
        "faithfulness": 1.0,
        "latency": 2.0844666957855225
      }
    },
    {
      "qid": "13",
      "type": "simple",
      "gold": "유하은, 전하은, 김하윤, 이하윤, 박하윤, 정하윤, 최하윤, 조하윤, 한하윤, 강하윤, 윤하윤",
      "answer": "경제학과 소속 교수 목록은 전하은, 김하윤, 박하윤, 조하윤, 강하윤입니다.",
      "weights": [
        2,
        6,
        2
      ],
      "metrics": {
        "f1_strict": 0.39999999999999997,
        "f1_substring": 0.45454545454545453,
        "em_norm": 0.0,
        "em_raw": 0.0,
        "faithfulness": 1.0,
        "latency": 0.8295571804046631
      }
    },
    {
      "qid": "16",
      "type": "conditional",
      "gold": "총 109명 (김민준, 박민준, 정민준, 강민준, 황민준...)",
      "answer": "정보를 찾을 수 없습니다.",
      "weights": [
        2,
        2,
        6
      ],
      "metrics": {
        "f1_strict": 0.0,
        "f1_substring": 0.0,
        "em_norm": 0.0,
        "em_raw": 0.0,
        "faithfulness": 1.0,
        "latency": 0.5524375438690186
      }
    },
    {
      "qid": "12",
      "type": "simple",
      "gold": "안정훈, 서정훈, 유정훈, 전정훈, 김재원, 이재원, 박재원, 정재원",
      "answer": "보건학과 소속 교수 목록은 다음과 같습니다: 서정훈, 전정훈, 김재원, 박재원, 정재원, 안정훈.",
      "weights": [
        2,
        6,
        2
      ],
      "metrics": {
        "f1_strict": 0.6,
        "f1_substring": 0.75,
        "em_norm": 0.0,
        "em_raw": 0.0,
        "faithfulness": 1.0,
        "latency": 1.114914894104004
      }
    },
    {
      "qid": "10",
      "type": "multi_hop",
      "gold": "데이터사이언스학과, 무역학과",
      "answer": "융합서비스혁신 프로젝트에 참여하는 교수 중 서지호는 데이터사이언스학과에 소속되어 있습니다. 권하윤의 소속 학과에 대한 정보는 제공되지 않았습니다. 따라서, 융합서비스혁신 프로젝트 참여 교수들의 소속 학과는 데이터사이언스학과입니다.",
      "weights": [
        2,
        6,
        2
      ],
      "metrics": {
        "f1_strict": 0.09090909090909091,
        "f1_substring": 0.5,
        "em_norm": 0.0,
        "em_raw": 0.0,
        "faithfulness": 1.0,
        "latency": 2.562267541885376
      }
    },
    {
      "qid": "14",
      "type": "simple",
      "gold": "홍윤서, 권윤서, 황윤서, 안윤서, 서윤서, 유윤서, 전윤서, 김채원, 이채원",
      "answer": "중어중문학과 소속 교수 목록은 권윤서, 김채원, 홍윤서입니다.",
      "weights": [
        2,
        6,
        2
      ],
      "metrics": {
        "f1_strict": 0.25,
        "f1_substring": 0.3333333333333333,
        "em_norm": 0.0,
        "em_raw": 0.0,
        "faithfulness": 1.0,
        "latency": 1.1726691722869873
      }
    },
    {
      "qid": "17",
      "type": "simple",
      "gold": "미술학과",
      "answer": "최승현 교수의 소속 학과는 미술학과입니다.",