{
  "policy": "ldwa:cache/ppo_checkpoints/seed_42/final.pt",
  "n_queries": 5000,
  "aggregate": {
    "overall": {
      "F1_strict": {
        "mean": 0.08656995852497248,
        "std": 0.17334539400660645,
        "n": 5000
      },
      "F1_substring": {
        "mean": 0.48753811281855397,
        "std": 0.4300464149867327,
        "n": 5000
      },
      "EM_norm": {
        "mean": 0.0,
        "std": 0.0,
        "n": 5000
      },
      "Faithfulness": {
        "mean": 0.8616383333333333,
        "std": 0.3251406300345483,
        "n": 5000
      },
      "Latency": {
        "mean": 1.3032035935401916,
        "std": 1.0798069162914519,
        "n": 5000
      }
    },
    "by_type": {
      "simple": {
        "F1_strict": {
          "mean": 0.173782137295836,
          "std": 0.2387698867722144,
          "n": 2000
        },
        "F1_substring": {
          "mean": 0.8611048340548341,
          "std": 0.294477607724418,
          "n": 2000
        },
        "EM_norm": {
          "mean": 0.0,
          "std": 0.0,
          "n": 2000
        },
        "Faithfulness": {
          "mean": 0.9357410714285714,
          "std": 0.24194269948153455,
          "n": 2000
        }
      },
      "conditional": {
        "F1_strict": {
          "mean": 0.04176560290130343,
          "std": 0.072456052887463,
          "n": 1250
        },
        "F1_substring": {
          "mean": 0.20761173956762197,
          "std": 0.21021857974168778,
          "n": 1250
        },
        "EM_norm": {
          "mean": 0.0,
          "std": 0.0,
          "n": 1250
        },
        "Faithfulness": {
          "mean": 0.8953047619047618,
          "std": 0.28305631932408265,
          "n": 1250
        }
      },
      "multi_hop": {
        "F1_strict": {
          "mean": 0.018902008232320598,
          "std": 0.04735446717895444,
          "n": 1750
        },
        "F1_substring": {
          "mean": 0.26055212658489973,
          "std": 0.3615904418286446,
          "n": 1750
        },
        "EM_norm": {
          "mean": 0.0,
          "std": 0.0,
          "n": 1750
        },
        "Faithfulness": {
          "mean": 0.7529020408163265,
          "std": 0.39876095420647384,
          "n": 1750
        }
      }
    },
    "top_weights": [
      {
        "weight": "(α=0.5, β=0.4, γ=0.1)",
        "count": 1944
      },
      {
        "weight": "(α=0.6, β=0.4, γ=0.0)",
        "count": 1222
      },
      {
        "weight": "(α=0.4, β=0.3, γ=0.3)",
        "count": 735
      },
      {
        "weight": "(α=0.3, β=0.3, γ=0.4)",
        "count": 428
      },
      {
        "weight": "(α=0.4, β=0.4, γ=0.2)",
        "count": 376
      }
    ]
  },
  "samples": [
    {
      "qid": "7",
      "type": "simple",
      "gold": "언어학, 회계정보",
      "answer": "정보를 찾을 수 없습니다.",
      "weights": [
        6,
        4,
        0
      ],
      "metrics": {
        "f1_strict": 0.0,
        "f1_substring": 0.0,
        "em_norm": 0.0,
        "em_raw": 0.0,
        "faithfulness": 0.0,
        "latency": 0.5633223056793213
      }
    },
    {
      "qid": "9",
      "type": "simple",
      "gold": "천문학과",
      "answer": "오지우 교수의 소속 학과는 천문학과입니다.",
      "weights": [
        6,
        4,
        0
      ],
      "metrics": {
        "f1_strict": 0.0,
        "f1_substring": 1.0,
        "em_norm": 0.0,
        "em_raw": 0.0,
        "faithfulness": 1.0,
        "latency": 0.7138059139251709
      }
    },
    {
      "qid": "2",
      "type": "simple",
      "gold": "바이오의공학과",
      "answer": "최재원 교수의 소속 학과는 바이오의공학과입니다.",
      "weights": [
        6,
        4,
        0
      ],
      "metrics": {
        "f1_strict": 0.0,
        "f1_substring": 1.0,
        "em_norm": 0.0,
        "em_raw": 0.0,
        "faithfulness": 1.0,
        "latency": 0.7289435863494873
      }
    },
    {
      "qid": "6",
      "type": "simple",
      "gold": "12명",
      "answer": "의학과에 소속된 교수는 12명입니다.",
      "weights": [
        5,
        4,
        1
      ],
      "metrics": {
        "f1_strict": 0.0,
        "f1_substring": 1.0,
        "em_norm": 0.0,
        "em_raw": 0.0,
        "faithfulness": 1.0,
        "latency": 0.6181001663208008
      }
    },
    {
      "qid": "4",
      "type": "conditional",
      "gold": "유서준, 전서준, 김도윤, 이도윤, 박도윤, 정도윤, 최도윤, 조도윤, 한도윤",
      "answer": "서서준 교수는 기계공학과 소속이며 55세 이하입니다.",
      "weights": [
        5,
        4,
        1
      ],
      "metrics": {
        "f1_strict": 0.0,
        "f1_substring": 0.0,
        "em_norm": 0.0,
        "em_raw": 0.0,
        "faithfulness": 1.0,
        "latency": 0.7789037227630615
      }
    },
    {
      "qid": "3",
      "type": "conditional",
      "gold": "총 367명 (김민준, 이민준, 박민준, 정민준, 최민준...)",
      "answer": "전임 교수 중 55세 미만인 사람은 김민준(35세), 이민준(48세), 박민준(39세)입니다.",
      "weights": [
        1,
        6,
        3
      ],
      "metrics": {
        "f1_strict": 0.0,
        "f1_substring": 0.4000000000000001,
        "em_norm": 0.0,
        "em_raw": 0.0,
        "faithfulness": 1.0,
        "latency": 1.0361948013305664
      }
    },
    {
      "qid": "1",
      "type": "simple",
      "gold": "홍성민, 황성민, 전성민",
      "answer": "정치외교 심리학개론 과목을 담당하는 교수는 홍성민, 황성민, 전성민입니다.",
      "weights": [
        5,
        4,
        1
      ],
      "metrics": {
        "f1_strict": 0.36363636363636365,
        "f1_substring": 1.0,
        "em_norm": 0.0,
        "em_raw": 0.0,
        "faithfulness": 1.0,
        "latency": 1.4312562942504883
      }
    },
    {
      "qid": "8",
      "type": "conditional",
      "gold": "윤민준, 장민준, 황민준, 안민준",
      "answer": "안서준 교수 (51세)와 윤민준 교수 (연령 정보 없음)가 소프트웨어공학과 소속입니다. 따라서 소프트웨어공학과 소속 55세 이하 교수는 안서준 교수와 윤민준 교수입니다.",
      "weights": [
        5,
        4,
        1
      ],
      "metrics": {
        "f1_strict": 0.0,
        "f1_substring": 0.25,
        "em_norm": 0.0,
        "em_raw": 0.0,
        "faithfulness": 1.0,
        "latency": 1.3145883083343506
      }
    },
    {
      "qid": "15",
      "type": "conditional",
      "gold": "안태양, 서태양, 유태양, 김정훈, 조정훈",
      "answer": "정보를 찾을 수 없습니다.",
      "weights": [
        5,
        4,
        1
      ],
      "metrics": {
        "f1_strict": 0.0,
        "f1_substring": 0.0,
        "em_norm": 0.0,
        "em_raw": 0.0,
        "faithfulness": 0.0,
        "latency": 0.5149798393249512
      }
    },
    {
      "qid": "5",
      "type": "conditional",
      "gold": "회계정보, 로봇공학, 분산시스템, 디지털미디어, 암호학, 컴퓨터비전, 머신러닝, 회계정보, 언어학, 바이오공학, 자연어처리, 컴퓨터비전, 암호학, 경영과학",
      "answer": "화학과 소속 40세 이상 교수의 연구 분야는 다음과 같습니다:\n\n1. 전서연 교수 (40세): 머신러닝, 회계정보\n2. 서서연 교수 (51세): 자연어처리, 컴퓨터비전\n\n따라서, 화학과 소속 40세 이상 교수의 연구 분야는 머신러닝, 회계정보, 자연어처리, 컴퓨터비전입니다.",
      "weights": [
        5,
        4,
        1
      ],
      "metrics": {
        "f1_strict": 0.1818181818181818,
        "f1_substring": 0.42857142857142855,
        "em_norm": 0.0,
        "em_raw": 0.0,
        "faithfulness": 1.0,
        "latency": 1.7991976737976074
      }
    },
    {
      "qid": "13",
      "type": "simple",
      "gold": "유하은, 전하은, 김하윤, 이하윤, 박하윤, 정하윤, 최하윤, 조하윤, 한하윤, 강하윤, 윤하윤",
      "answer": "경제학과 소속 교수 목록은 다음과 같습니다: 전하은, 김하윤, 박하윤, 조하윤, 강하윤, 유하은, 윤하윤.",
      "weights": [
        6,
        4,
        0
      ],
      "metrics": {
        "f1_strict": 0.4999999999999999,
        "f1_substring": 0.6363636363636364,
        "em_norm": 0.0,
        "em_raw": 0.0,
        "faithfulness": 1.0,
        "latency": 0.9836199283599854
      }
    },
    {
      "qid": "14",
      "type": "simple",
      "gold": "홍윤서, 권윤서, 황윤서, 안윤서, 서윤서, 유윤서, 전윤서, 김채원, 이채원",
      "answer": "중어중문학과 소속 교수 목록은 다음과 같습니다: 권윤서, 김채원, 홍윤서, 황윤서, 서윤서, 이채원.",
      "weights": [
        5,
        4,
        1
      ],
      "metrics": {
        "f1_strict": 0.4761904761904762,
        "f1_substring": 0.6666666666666666,
        "em_norm": 0.0,
        "em_raw": 0.0,
        "faithfulness": 1.0,