{
  "policy": "oracle:cache/university.sqlite",
  "n_queries": 5000,
  "aggregate": {
    "overall": {
      "F1_strict": {
        "mean": 0.09709398005108674,
        "std": 0.18355280250431574,
        "n": 5000
      },
      "F1_substring": {
        "mean": 0.4844298626854741,
        "std": 0.4301638841767034,
        "n": 5000
      },
      "EM_norm": {
        "mean": 0.0,
        "std": 0.0,
        "n": 5000
      },
      "Faithfulness": {
        "mean": 0.8877669841269841,
        "std": 0.30129499831723916,
        "n": 5000
      },
      "Latency": {
        "mean": 1.1982129098892211,
        "std": 0.8525758208049288,
        "n": 5000
      }
    },
    "by_type": {
      "simple": {
        "F1_strict": {
          "mean": 0.1885583518660678,
          "std": 0.25134396566765677,
          "n": 2000
        },
        "F1_substring": {
          "mean": 0.858880513930514,
          "std": 0.29747995972533975,
          "n": 2000
        },
        "EM_norm": {
          "mean": 0.0,
          "std": 0.0,
          "n": 2000
        },
        "Faithfulness": {
          "mean": 0.9438166666666666,
          "std": 0.22674403867789716,
          "n": 2000
        }
      },
      "conditional": {
        "F1_strict": {
          "mean": 0.04422955976360227,
          "std": 0.07770664618208173,
          "n": 1250
        },
        "F1_substring": {
          "mean": 0.1946491093873447,
          "std": 0.20498507858203946,
          "n": 1250
        },
        "EM_norm": {
          "mean": 0.0,
          "std": 0.0,
          "n": 1250
        },
        "Faithfulness": {
          "mean": 0.9398050793650793,
          "std": 0.21695716928348358,
          "n": 1250
        }
      },
      "multi_hop": {
        "F1_strict": {
          "mean": 0.03032356961074012,
          "std": 0.06111301017989852,
          "n": 1750
        },
        "F1_substring": {
          "mean": 0.26347251361837826,
          "std": 0.3584579122311259,
          "n": 1750
        },
        "EM_norm": {
          "mean": 0.0,
          "std": 0.0,
          "n": 1750
        },
        "Faithfulness": {
          "mean": 0.7865401360544217,
          "std": 0.38886613664732345,
          "n": 1750
        }
      }
    },
    "top_weights": [
      {
        "weight": "(α=0.0, β=0.0, γ=1.0)",
        "count": 1834
      },
      {
        "weight": "(α=0.0, β=0.1, γ=0.9)",
        "count": 601
      },
      {
        "weight": "(α=0.0, β=0.2, γ=0.8)",
        "count": 277
      },
      {
        "weight": "(α=0.3, β=0.0, γ=0.7)",
        "count": 245
      },
      {
        "weight": "(α=0.2, β=0.0, γ=0.8)",
        "count": 175
      }
    ]
  },
  "samples": [
    {
      "qid": "7",
      "type": "simple",
      "gold": "언어학, 회계정보",
      "answer": "정보를 찾을 수 없습니다.",
      "weights": [
        0,
        1,
        9
      ],
      "metrics": {
        "f1_strict": 0.0,
        "f1_substring": 0.0,
        "em_norm": 0.0,
        "em_raw": 0.0,
        "faithfulness": 0.0,
        "latency": 0.7315769195556641
      }
    },
    {
      "qid": "9",
      "type": "simple",
      "gold": "천문학과",
      "answer": "오지우 교수의 소속 학과는 천문학과입니다.",
      "weights": [
        0,
        0,
        10
      ],
      "metrics": {
        "f1_strict": 0.0,
        "f1_substring": 1.0,
        "em_norm": 0.0,
        "em_raw": 0.0,
        "faithfulness": 1.0,
        "latency": 0.8259875774383545
      }
    },
    {
      "qid": "6",
      "type": "simple",
      "gold": "12명",
      "answer": "의학과에 소속된 교수는 12명입니다.",
      "weights": [
        0,
        1,
        9
      ],
      "metrics": {
        "f1_strict": 0.0,
        "f1_substring": 1.0,
        "em_norm": 0.0,
        "em_raw": 0.0,
        "faithfulness": 1.0,
        "latency": 0.837454080581665
      }
    },
    {
      "qid": "2",
      "type": "simple",
      "gold": "바이오의공학과",
      "answer": "최재원 교수의 소속 학과는 바이오의공학과입니다.",
      "weights": [
        0,
        0,
        10
      ],
      "metrics": {
        "f1_strict": 0.0,
        "f1_substring": 1.0,
        "em_norm": 0.0,
        "em_raw": 0.0,
        "faithfulness": 1.0,
        "latency": 0.8468494415283203
      }
    },
    {
      "qid": "8",
      "type": "conditional",
      "gold": "윤민준, 장민준, 황민준, 안민준",
      "answer": "정보를 찾을 수 없습니다.",
      "weights": [
        0,
        0,
        10
      ],
      "metrics": {
        "f1_strict": 0.0,
        "f1_substring": 0.0,
        "em_norm": 0.0,
        "em_raw": 0.0,
        "faithfulness": 0.0,
        "latency": 0.8522434234619141
      }
    },
    {
      "qid": "4",
      "type": "conditional",
      "gold": "유서준, 전서준, 김도윤, 이도윤, 박도윤, 정도윤, 최도윤, 조도윤, 한도윤",
      "answer": "서서준 교수입니다. 그는 기계공학과 소속이며 55세 이하입니다.",
      "weights": [
        0,
        4,
        6
      ],
      "metrics": {
        "f1_strict": 0.0,
        "f1_substring": 0.0,
        "em_norm": 0.0,
        "em_raw": 0.0,
        "faithfulness": 0.5,
        "latency": 0.9538819789886475
      }
    },
    {
      "qid": "3",
      "type": "conditional",
      "gold": "총 367명 (김민준, 이민준, 박민준, 정민준, 최민준...)",
      "answer": "전임 교수 중 55세 미만인 사람은 김민준(35세), 이민준(48세), 박민준(39세)입니다.",
      "weights": [
        0,
        1,
        9
      ],
      "metrics": {
        "f1_strict": 0.0,
        "f1_substring": 0.4000000000000001,
        "em_norm": 0.0,
        "em_raw": 0.0,
        "faithfulness": 1.0,
        "latency": 1.05195951461792
      }
    },
    {
      "qid": "1",
      "type": "simple",
      "gold": "홍성민, 황성민, 전성민",
      "answer": "정치외교 심리학개론 과목을 담당하는 교수는 홍성민, 황성민, 전성민입니다.",
      "weights": [
        1,
        7,
        2
      ],
      "metrics": {
        "f1_strict": 0.36363636363636365,
        "f1_substring": 1.0,
        "em_norm": 0.0,
        "em_raw": 0.0,
        "faithfulness": 1.0,
        "latency": 1.1475152969360352
      }
    },
    {
      "qid": "12",
      "type": "simple",
      "gold": "안정훈, 서정훈, 유정훈, 전정훈, 김재원, 이재원, 박재원, 정재원",
      "answer": "보건학과 소속 교수 목록은 서정훈, 전정훈, 김재원, 박재원, 정재원입니다.",
      "weights": [
        2,
        0,
        8
      ],
      "metrics": {
        "f1_strict": 0.47058823529411764,
        "f1_substring": 0.625,
        "em_norm": 0.0,
        "em_raw": 0.0,
        "faithfulness": 1.0,
        "latency": 0.773916482925415
      }
    },
    {
      "qid": "18",
      "type": "simple",
      "gold": "없음",
      "answer": "정보를 찾을 수 없습니다.",
      "weights": [
        0,
        2,
        8
      ],
      "metrics": {
        "f1_strict": 0.0,
        "f1_substring": 0.0,
        "em_norm": 0.0,
        "em_raw": 0.0,
        "faithfulness": 0.0,
        "latency": 0.5525970458984375
      }
    },
    {
      "qid": "17",
      "type": "simple",
      "gold": "미술학과",
      "answer": "최승현 교수의 소속 학과는 미술학과입니다.",
      "weights": [
        0,
        1,
        9
      ],
      "metrics": {
        "f1_strict": 0.0,
        "f1_substring": 1.0,
        "em_norm": 0.0,
        "em_raw": 0.0,
        "faithfulness": 1.0,
        "latency": 0.6646914482116699
      }
    },
    {
      "qid": "13",
      "type": "simple",
      "gold": "유하은, 전하은, 김하윤, 이하윤, 박하윤, 정하윤, 최하윤, 조하윤, 한하윤, 강하윤, 윤하윤",
      "answer": "경제학과 소속 교수 목록은 전하은, 김하윤, 박하윤, 조하윤, 강하윤, 유하은, 윤하윤입니다.",
      "weights": [
        10,
        0,
        0
      ],
      "metrics": {
        "f1_strict": 0.5454545454545454,
        "f1_substring": 0.6363636363636364,
        "em_norm": 0.0,
        "em_raw": 0.0,
        "faithfulness": 1.0,
        "latency": 0.9421412944793701
      }
    },
    {
      "qid": "15",
      "type": "conditional",
      "gold": "안태양, 서태양, 유태양, 김정훈, 조정훈",
      "answer": "간호학과 소속 교수 중 45세 이하인 교수는 안태양, 김민준, 박민준, 정민준입니다.",
      "weights": [
        1,
        2,
        7
      ],
      "metrics": {
        "f1_strict": 0.13333333333333333,
        "f1_substring": 0.20000000000000004,
        "em_norm": 0.0,
        "em_raw": 0.0,
        "faithfulness": 1.0,