{
  "policy": "oracle:cache/university.sqlite",
  "n_queries": 5000,
  "aggregate": {
    "overall": {
      "F1_strict": {
        "mean": 0.16770446529134925,
        "std": 0.19670851637727285,
        "n": 5000
      },
      "F1_substring": {
        "mean": 0.4828819043864632,
        "std": 0.4307714986122415,
        "n": 5000
      },
      "EM_norm": {
        "mean": 0.0,
        "std": 0.0,
        "n": 5000
      },
      "Faithfulness": {
        "mean": 0.8876322222222222,
        "std": 0.3003771876582549,
        "n": 5000
      },
      "Latency": {
        "mean": 1.1483829056739807,
        "std": 0.6526418550115484,
        "n": 5000
      }
    },
    "by_type": {
      "simple": {
        "F1_strict": {
          "mean": 0.2405718879886133,
          "std": 0.24925101001389657,
          "n": 2000
        },
        "F1_substring": {
          "mean": 0.857860816960817,
          "std": 0.29859697826656706,
          "n": 2000
        },
        "EM_norm": {
          "mean": 0.0,
          "std": 0.0,
          "n": 2000
        },
        "Faithfulness": {
          "mean": 0.94225,
          "std": 0.23068238667138888,
          "n": 2000
        }
      },
      "conditional": {
        "F1_strict": {
          "mean": 0.12979825273019496,
          "std": 0.12167080127627845,
          "n": 1250
        },
        "F1_substring": {
          "mean": 0.19347502791326324,
          "std": 0.2056259295073699,
          "n": 1250
        },
        "EM_norm": {
          "mean": 0.0,
          "std": 0.0,
          "n": 1250
        },
        "Faithfulness": {
          "mean": 0.9450031746031745,
          "std": 0.20676676979743774,
          "n": 1250
        }
      },
      "multi_hop": {
        "F1_strict": {
          "mean": 0.11150327689530048,
          "std": 0.13684488133306766,
          "n": 1750
        },
        "F1_substring": {
          "mean": 0.26105377321091605,
          "std": 0.358265883756185,
          "n": 1750
        },
        "EM_norm": {
          "mean": 0.0,
          "std": 0.0,
          "n": 1750
        },
        "Faithfulness": {
          "mean": 0.7842326530612245,
          "std": 0.3872779480433627,
          "n": 1750
        }
      }
    },
    "top_weights": [
      {
        "weight": "(α=0.0, β=0.0, γ=1.0)",
        "count": 1834
      },
      {
        "weight": "(α=0.0, β=0.1, γ=0.9)",
        "count": 601
      },
      {
        "weight": "(α=0.0, β=0.2, γ=0.8)",
        "count": 277
      },
      {
        "weight": "(α=0.3, β=0.0, γ=0.7)",
        "count": 245
      },
      {
        "weight": "(α=0.2, β=0.0, γ=0.8)",
        "count": 175
      }
    ]
  },
  "samples": [
    {
      "qid": "7",
      "type": "simple",
      "gold": "언어학, 회계정보",
      "answer": "정보를 찾을 수 없습니다.",
      "weights": [
        0,
        1,
        9
      ],
      "metrics": {
        "f1_strict": 0.0,
        "f1_substring": 0.0,
        "em_norm": 0.0,
        "em_raw": 0.0,
        "faithfulness": 0.0,
        "latency": 0.641638994216919
      }
    },
    {
      "qid": "8",
      "type": "conditional",
      "gold": "윤민준, 장민준, 황민준, 안민준",
      "answer": "정보를 찾을 수 없습니다.",
      "weights": [
        0,
        0,
        10
      ],
      "metrics": {
        "f1_strict": 0.0,
        "f1_substring": 0.0,
        "em_norm": 0.0,
        "em_raw": 0.0,
        "faithfulness": 0.0,
        "latency": 0.6629011631011963
      }
    },
    {
      "qid": "9",
      "type": "simple",
      "gold": "천문학과",
      "answer": "오지우 교수의 소속 학과는 천문학과입니다.",
      "weights": [
        0,
        0,
        10
      ],
      "metrics": {
        "f1_strict": 0.0,
        "f1_substring": 1.0,
        "em_norm": 0.0,
        "em_raw": 0.0,
        "faithfulness": 1.0,
        "latency": 0.7539236545562744
      }
    },
    {
      "qid": "2",
      "type": "simple",
      "gold": "바이오의공학과",
      "answer": "최재원 교수의 소속 학과는 바이오의공학과입니다.",
      "weights": [
        0,
        0,
        10
      ],
      "metrics": {
        "f1_strict": 0.0,
        "f1_substring": 1.0,
        "em_norm": 0.0,
        "em_raw": 0.0,
        "faithfulness": 1.0,
        "latency": 0.8469092845916748
      }
    },
    {
      "qid": "6",
      "type": "simple",
      "gold": "12명",
      "answer": "의학과에 소속된 교수는 12명입니다.",
      "weights": [
        0,
        1,
        9
      ],
      "metrics": {
        "f1_strict": 0.0,
        "f1_substring": 1.0,
        "em_norm": 0.0,
        "em_raw": 0.0,
        "faithfulness": 1.0,
        "latency": 1.1681914329528809
      }
    },
    {
      "qid": "3",
      "type": "conditional",
      "gold": "총 367명 (김민준, 이민준, 박민준, 정민준, 최민준...)",
      "answer": "전임 교수 중 55세 미만인 사람은 김민준(35세), 이민준(48세), 박민준(39세)입니다.",
      "weights": [
        0,
        1,
        9
      ],
      "metrics": {
        "f1_strict": 0.3,
        "f1_substring": 0.4000000000000001,
        "em_norm": 0.0,
        "em_raw": 0.0,
        "faithfulness": 1.0,
        "latency": 1.1754250526428223
      }
    },
    {
      "qid": "1",
      "type": "simple",
      "gold": "홍성민, 황성민, 전성민",
      "answer": "정치외교 심리학개론 과목을 담당하는 교수는 홍성민, 황성민, 전성민입니다.",
      "weights": [
        1,
        7,
        2
      ],
      "metrics": {
        "f1_strict": 0.36363636363636365,
        "f1_substring": 1.0,
        "em_norm": 0.0,
        "em_raw": 0.0,
        "faithfulness": 1.0,
        "latency": 1.2103698253631592
      }
    },
    {
      "qid": "4",
      "type": "conditional",
      "gold": "유서준, 전서준, 김도윤, 이도윤, 박도윤, 정도윤, 최도윤, 조도윤, 한도윤",
      "answer": "서서준 교수입니다. 그는 기계공학과 소속이며, 55세 이하입니다.",
      "weights": [
        0,
        4,
        6
      ],
      "metrics": {
        "f1_strict": 0.0,
        "f1_substring": 0.0,
        "em_norm": 0.0,
        "em_raw": 0.0,
        "faithfulness": 0.5,
        "latency": 1.3022634983062744
      }
    },
    {
      "qid": "10",
      "type": "multi_hop",
      "gold": "데이터사이언스학과, 무역학과",
      "answer": "융합서비스혁신 프로젝트에 참여하는 서지호는 데이터사이언스학과에 소속되어 있습니다. 권하윤의 소속 학과에 대한 정보는 제공되지 않았습니다. 따라서, 현재 확인된 정보로는 서지호의 소속 학과는 데이터사이언스학과입니다. 권하윤의 소속 학과에 대한 정보는 찾을 수 없습니다.",
      "weights": [
        0,
        1,
        9
      ],
      "metrics": {
        "f1_strict": 0.08695652173913042,
        "f1_substring": 0.5,
        "em_norm": 0.0,
        "em_raw": 0.0,
        "faithfulness": 1.0,
        "latency": 1.6744959354400635
      }
    },
    {
      "qid": "12",
      "type": "simple",
      "gold": "안정훈, 서정훈, 유정훈, 전정훈, 김재원, 이재원, 박재원, 정재원",
      "answer": "보건학과 소속 교수 목록은 서정훈, 전정훈, 김재원, 박재원, 정재원입니다.",
      "weights": [
        2,
        0,
        8
      ],
      "metrics": {
        "f1_strict": 0.47058823529411764,
        "f1_substring": 0.625,
        "em_norm": 0.0,
        "em_raw": 0.0,
        "faithfulness": 1.0,
        "latency": 1.1042494773864746
      }
    },
    {
      "qid": "11",
      "type": "conditional",
      "gold": "정보통신 클라우드AI, 생체공 열역학응용, 소프트웨어공 제어공학, 환경공 데이터베이스시스템, 중어중문 심리학개론, 법 복지정책론, 정보통신 인공지능개론, 회계 금융공학, 무역 무역실무, 보건 임상실습개론...",
      "answer": "50세 이상 교수가 담당하는 과목 목록은 다음과 같습니다:\n\n1. 의 보건통계학\n2. 의 원격의료\n3. 의 약리학\n4. 의 의료기기공학\n5. 의 임상실습개론\n\n신태양 교수(63세)가 이 과목들을 담당하고 있습니다.",
      "weights": [
        0,
        0,
        10
      ],
      "metrics": {
        "f1_strict": 0.04545454545454545,
        "f1_substring": 0.0,
        "em_norm": 0.0,
        "em_raw": 0.0,
        "faithfulness": 1.0,
        "latency": 1.3211748600006104
      }
    },
    {
      "qid": "18",
      "type": "simple",
      "gold": "없음",
      "answer": "정보를 찾을 수 없습니다.",
      "weights": [
        0,
        2,
        8
      ],
      "metrics": {
        "f1_strict": 0.0,
        "f1_substring": 0.0,
        "em_norm": 0.0,
        "em_raw": 0.0,
        "faithfulness": 0.0,
        "latency": 0.7149057388305664
      }
    },
    {
      "qid": "17",
      "type": "simple",
      "gold": "미술학과",
      "answer": "최승현 교수의 소속 학과는 미술학과입니다.",