{
  "policy": "ldwa:cache/ppo_checkpoints/seed_999/final.pt",
  "n_queries": 5000,
  "aggregate": {
    "overall": {
      "F1_strict": {
        "mean": 0.0838823909423328,
        "std": 0.16860135082263705,
        "n": 5000
      },
      "F1_substring": {
        "mean": 0.48404296428889304,
        "std": 0.42846069706613354,
        "n": 5000
      },
      "EM_norm": {
        "mean": 0.0,
        "std": 0.0,
        "n": 5000
      },
      "Faithfulness": {
        "mean": 0.8649505339105341,
        "std": 0.32106205957614614,
        "n": 5000
      },
      "Latency": {
        "mean": 1.3159425768375397,
        "std": 0.9783109225314124,
        "n": 5000
      }
    },
    "by_type": {
      "simple": {
        "F1_strict": {
          "mean": 0.1653584900333988,
          "std": 0.23305130297658247,
          "n": 2000
        },
        "F1_substring": {
          "mean": 0.8520204248366012,
          "std": 0.29940736489266656,
          "n": 2000
        },
        "EM_norm": {
          "mean": 0.0,
          "std": 0.0,
          "n": 2000
        },
        "Faithfulness": {
          "mean": 0.9236071428571428,
          "std": 0.25859416309114025,
          "n": 2000
        }
      },
      "conditional": {
        "F1_strict": {
          "mean": 0.04079758469548619,
          "std": 0.07369396954006804,
          "n": 1250
        },
        "F1_substring": {
          "mean": 0.2021158307052425,
          "std": 0.20896678897151974,
          "n": 1250
        },
        "EM_norm": {
          "mean": 0.0,
          "std": 0.0,
          "n": 1250
        },
        "Faithfulness": {
          "mean": 0.9286173737373737,
          "std": 0.23061318812580298,
          "n": 1250
        }
      },
      "multi_hop": {
        "F1_strict": {
          "mean": 0.02154171072886213,
          "std": 0.0496820784029626,
          "n": 1750
        },
        "F1_substring": {
          "mean": 0.26487381907983415,
          "std": 0.3623648493719639,
          "n": 1750
        },
        "EM_norm": {
          "mean": 0.0,
          "std": 0.0,
          "n": 1750
        },
        "Faithfulness": {
          "mean": 0.7524380952380952,
          "std": 0.4007727755179634,
          "n": 1750
        }
      }
    },
    "top_weights": [
      {
        "weight": "(α=0.4, β=0.2, γ=0.4)",
        "count": 3137
      },
      {
        "weight": "(α=0.5, β=0.3, γ=0.2)",
        "count": 547
      },
      {
        "weight": "(α=0.4, β=0.3, γ=0.3)",
        "count": 539
      },
      {
        "weight": "(α=0.5, β=0.2, γ=0.3)",
        "count": 476
      },
      {
        "weight": "(α=0.1, β=0.4, γ=0.5)",
        "count": 294
      }
    ]
  },
  "samples": [
    {
      "qid": "2",
      "type": "simple",
      "gold": "바이오의공학과",
      "answer": "최재원 교수의 소속 학과는 바이오의공학과입니다.",
      "weights": [
        5,
        2,
        3
      ],
      "metrics": {
        "f1_strict": 0.0,
        "f1_substring": 1.0,
        "em_norm": 0.0,
        "em_raw": 0.0,
        "faithfulness": 1.0,
        "latency": 0.8685274124145508
      }
    },
    {
      "qid": "6",
      "type": "simple",
      "gold": "12명",
      "answer": "의학과에 소속된 교수는 12명입니다.",
      "weights": [
        5,
        2,
        3
      ],
      "metrics": {
        "f1_strict": 0.0,
        "f1_substring": 1.0,
        "em_norm": 0.0,
        "em_raw": 0.0,
        "faithfulness": 1.0,
        "latency": 1.2586660385131836
      }
    },
    {
      "qid": "7",
      "type": "simple",
      "gold": "언어학, 회계정보",
      "answer": "정보를 찾을 수 없습니다.",
      "weights": [
        5,
        3,
        2
      ],
      "metrics": {
        "f1_strict": 0.0,
        "f1_substring": 0.0,
        "em_norm": 0.0,
        "em_raw": 0.0,
        "faithfulness": 0.0,
        "latency": 1.2866191864013672
      }
    },
    {
      "qid": "1",
      "type": "simple",
      "gold": "홍성민, 황성민, 전성민",
      "answer": "정치외교 심리학개론 과목을 담당하는 교수는 홍성민, 황성민, 전성민입니다.",
      "weights": [
        4,
        2,
        4
      ],
      "metrics": {
        "f1_strict": 0.36363636363636365,
        "f1_substring": 1.0,
        "em_norm": 0.0,
        "em_raw": 0.0,
        "faithfulness": 1.0,
        "latency": 1.4889781475067139
      }
    },
    {
      "qid": "8",
      "type": "conditional",
      "gold": "윤민준, 장민준, 황민준, 안민준",
      "answer": "소프트웨어공학과 소속 55세 이하 교수는 안서준 교수(51세)와 윤민준 교수(정보가 없으므로 나이 미제공)입니다.",
      "weights": [
        4,
        2,
        4
      ],
      "metrics": {
        "f1_strict": 0.0,
        "f1_substring": 0.25,
        "em_norm": 0.0,
        "em_raw": 0.0,
        "faithfulness": 1.0,
        "latency": 1.589463472366333
      }
    },
    {
      "qid": "4",
      "type": "conditional",
      "gold": "유서준, 전서준, 김도윤, 이도윤, 박도윤, 정도윤, 최도윤, 조도윤, 한도윤",
      "answer": "서서준 교수는 기계공학과 소속이며 55세 이하입니다.",
      "weights": [
        4,
        2,
        4
      ],
      "metrics": {
        "f1_strict": 0.0,
        "f1_substring": 0.0,
        "em_norm": 0.0,
        "em_raw": 0.0,
        "faithfulness": 1.0,
        "latency": 1.7574584484100342
      }
    },
    {
      "qid": "3",
      "type": "conditional",
      "gold": "총 367명 (김민준, 이민준, 박민준, 정민준, 최민준...)",
      "answer": "전임 교수 중 55세 미만인 사람은 김민준(35세), 이민준(48세), 박민준(39세)입니다.",
      "weights": [
        1,
        4,
        5
      ],
      "metrics": {
        "f1_strict": 0.0,
        "f1_substring": 0.4000000000000001,
        "em_norm": 0.0,
        "em_raw": 0.0,
        "faithfulness": 1.0,
        "latency": 2.111996650695801
      }
    },
    {
      "qid": "10",
      "type": "multi_hop",
      "gold": "데이터사이언스학과, 무역학과",
      "answer": "융합서비스혁신 프로젝트에는 서지호와 권하윤이 참여하고 있습니다. 서지호는 데이터사이언스학과에 소속되어 있습니다. 권하윤의 소속 학과에 대한 정보는 제공되지 않았습니다. 따라서, 융합서비스혁신 프로젝트 참여 교수들의 소속 학과는 데이터사이언스학과(서지호)와 권하윤의 소속 학과(정보 없음)입니다.",
      "weights": [
        4,
        2,
        4
      ],
      "metrics": {
        "f1_strict": 0.0,
        "f1_substring": 0.5,
        "em_norm": 0.0,
        "em_raw": 0.0,
        "faithfulness": 1.0,
        "latency": 2.159363269805908
      }
    },
    {
      "qid": "9",
      "type": "simple",
      "gold": "천문학과",
      "answer": "오지우 교수의 소속 학과는 천문학과입니다.",
      "weights": [
        5,
        2,
        3
      ],
      "metrics": {
        "f1_strict": 0.0,
        "f1_substring": 1.0,
        "em_norm": 0.0,
        "em_raw": 0.0,
        "faithfulness": 1.0,
        "latency": 2.1337890625
      }
    },
    {
      "qid": "13",
      "type": "simple",
      "gold": "유하은, 전하은, 김하윤, 이하윤, 박하윤, 정하윤, 최하윤, 조하윤, 한하윤, 강하윤, 윤하윤",
      "answer": "경제학과 소속 교수 목록은 전하은, 김하윤, 박하윤, 조하윤, 강하윤, 유하은, 윤하윤입니다.",
      "weights": [
        5,
        2,
        3
      ],
      "metrics": {
        "f1_strict": 0.5454545454545454,
        "f1_substring": 0.6363636363636364,
        "em_norm": 0.0,
        "em_raw": 0.0,
        "faithfulness": 1.0,
        "latency": 0.9226734638214111
      }
    }
  ]
}